City_ID,City,Country,Date,Lat,Lng,Max Temp,Humidity,Cloudiness,Wind Speed
0,Kapaa,US,2019-11-08 08:18:55,22.08,-159.32,71.6,83,1,8.05
1,Georgetown,GY,2019-11-08 08:21:19,6.8,-58.16,75.2,100,20,4.7
2,Bethel,US,2019-11-08 08:23:08,60.79,-161.76,30.2,100,90,9.17
3,Hermanus,ZA,2019-11-08 08:23:08,-34.42,19.24,63.54,75,3,19.01
4,Carnarvon,ZA,2019-11-08 08:23:09,-30.97,22.13,69.8,15,1,10.07
5,Rikitea,PF,2019-11-08 08:23:09,-23.12,-134.97,74.14,82,67,7.52
6,Busselton,AU,2019-11-08 08:23:09,-33.64,115.35,75.69,49,0,7.52
7,Cape Town,ZA,2019-11-08 08:20:02,-33.93,18.42,69.8,43,0,5.82
8,Faanui,PF,2019-11-08 08:23:10,-16.48,-151.75,80.98,80,18,18.99
9,Saskylakh,RU,2019-11-08 08:23:10,71.97,114.09,-25.1,98,10,6.85
10,Pangnirtung,CA,2019-11-08 08:23:10,66.15,-65.72,15.21,62,79,1.92
11,New Norfolk,AU,2019-11-08 08:23:10,-42.78,147.06,48.2,57,20,9.17
12,Saint-Philippe,CA,2019-11-08 08:23:10,45.36,-73.48,28.4,73,90,8.05
13,Kostomuksha,RU,2019-11-08 08:23:11,64.59,30.6,18.99,92,100,2.64
14,Sao Joao Da Barra,BR,2019-11-08 08:23:11,-21.64,-41.05,74.59,90,86,4.34
15,Samarai,PG,2019-11-08 08:23:11,-10.62,150.67,78.62,86,100,5.57
16,Airai,TL,2019-11-08 08:23:11,-8.93,125.41,73.27,73,8,5.86
17,Muhos,FI,2019-11-08 08:23:12,64.81,26.0,15.8,100,90,2.24
18,Ushuaia,AR,2019-11-08 08:23:12,-54.81,-68.31,35.6,80,75,13.87
19,Butaritari,KI,2019-11-08 08:23:12,3.07,172.79,84.99,65,66,5.32
20,Lugo,ES,2019-11-08 08:21:24,43.01,-7.56,43.52,95,75,3.89
21,Punta Arenas,CL,2019-11-08 08:23:12,-53.16,-70.91,37.4,86,75,14.99
22,Port Alfred,ZA,2019-11-08 08:23:13,-33.59,26.89,68.79,61,40,14.52
23,Price,US,2019-11-08 08:23:13,39.6,-110.81,33.8,47,1,8.05
24,Mokhsogollokh,RU,2019-11-08 08:23:13,61.4,128.95,-9.01,94,43,3.78
25,Mataura,NZ,2019-11-08 08:23:14,-46.19,168.86,51.35,55,100,2.46
26,Cascavel,BR,2019-11-08 08:23:14,-24.96,-53.44,65.98,95,100,3.29
27,Severo-Kurilsk,RU,2019-11-08 08:23:14,50.68,156.12,31.01,93,91,30.53
28,Aquiraz,BR,2019-11-08 08:23:14,-3.9,-38.39,78.8,74,40,9.17
29,Qaanaaq,GL,2019-11-08 08:23:14,77.48,-69.36,-3.81,62,0,7.29
30,Severobaykalsk,RU,2019-11-08 08:23:15,55.65,109.32,38.28,64,45,17.36
31,Oistins,BB,2019-11-08 08:23:15,13.07,-59.53,82.4,78,75,13.87
32,Belaya Gora,RU,2019-11-08 08:23:15,68.54,146.19,-10.14,100,77,1.21
33,Vila Do Maio,CV,2019-11-08 08:23:15,15.13,-23.22,75.2,69,20,12.75
34,Chokurdakh,RU,2019-11-08 08:23:16,70.62,147.9,-7.37,98,90,5.35
35,Hobart,AU,2019-11-08 08:20:12,-42.88,147.33,48.2,57,20,9.17
36,Kruisfontein,ZA,2019-11-08 08:23:16,-34.0,24.73,63.46,71,91,11.12
37,Tigre,AR,2019-11-08 08:23:17,-34.42,-58.58,60.8,62,0,11.41
38,Jiexiu,CN,2019-11-08 08:23:17,37.02,111.92,53.42,51,0,2.62
39,Ribeira Grande,PT,2019-11-08 08:23:17,38.52,-28.7,60.8,67,40,4.7
40,Lincoln,GB,2019-11-08 08:23:17,53.23,-0.54,48.2,87,75,11.41
41,Avera,US,2019-11-08 08:23:18,33.19,-82.53,60.8,100,90,3.36
42,Zimovniki,RU,2019-11-08 08:23:18,47.15,42.46,64.74,44,68,13.56
43,Lahij,YE,2019-11-08 08:23:18,13.06,44.88,91.78,32,0,13.87
44,Bereda,ES,2019-11-08 08:23:18,43.27,-7.54,51.8,76,40,12.75
45,Lebu,ET,2019-11-08 08:23:19,8.96,38.73,69.31,44,30,4.52
46,Ancud,CL,2019-11-08 08:23:19,-41.87,-73.83,41.86,77,100,1.3
47,Barrow,AR,2019-11-08 08:23:19,-38.31,-60.23,40.28,77,33,8.39
48,Provideniya,RU,2019-11-08 08:23:19,64.42,-173.23,20.8,77,0,14.41
49,Sawakin,SD,2019-11-08 08:23:19,19.1,37.33,86.65,69,0,8.39
50,Maceio,BR,2019-11-08 08:23:16,-9.67,-35.74,69.8,94,75,3.36
51,Penzance,GB,2019-11-08 08:23:20,50.12,-5.53,51.8,81,75,23.04
52,Udachnyy,RU,2019-11-08 08:23:20,66.42,112.4,-11.21,83,90,6.71
53,Khatanga,RU,2019-11-08 08:23:20,71.98,102.47,-9.77,91,94,13.27
54,Flinders,AU,2019-11-08 08:23:21,-34.58,150.85,62.6,39,42,19.46
55,Puksoozero,RU,2019-11-08 08:23:21,62.59,40.61,17.53,86,94,5.26
56,Talnakh,RU,2019-11-08 08:23:21,69.49,88.39,-14.81,75,20,8.95
57,Soyo,AO,2019-11-08 08:23:21,-6.13,12.37,78.8,94,75,5.82
58,Mayo,CA,2019-11-08 08:23:22,63.59,-135.9,19.4,67,75,8.05
59,Isangel,VU,2019-11-08 08:23:22,-19.55,169.27,71.96,81,11,10.04
60,Makat,KZ,2019-11-08 08:23:22,47.65,53.35,53.53,37,88,10.22
61,Tasiilaq,GL,2019-11-08 08:23:22,65.61,-37.64,37.4,55,100,41.38
62,Atuona,PF,2019-11-08 08:23:22,-9.8,-139.03,79.59,80,1,14.0
63,Arraial Do Cabo,BR,2019-11-08 08:23:23,-22.97,-42.02,71.6,94,40,4.7
64,Victoria,BN,2019-11-08 08:23:23,5.28,115.24,86.0,70,75,5.82
65,East London,ZA,2019-11-08 08:22:32,-33.02,27.91,71.6,49,75,17.22
66,Vaini,IN,2019-11-08 08:23:23,15.34,74.49,86.0,48,40,4.7
67,Maragogi,BR,2019-11-08 08:20:37,-9.01,-35.22,79.93,73,54,13.4
68,Kodiak,US,2019-11-08 08:23:24,39.95,-94.76,23.0,79,1,5.23
69,Marsh Harbour,BS,2019-11-08 08:23:24,26.54,-77.06,78.1,77,23,3.91
70,Muroto,JP,2019-11-08 08:23:24,33.37,134.14,62.6,45,40,6.93
71,Villa Carlos Paz,AR,2019-11-08 08:23:24,-31.42,-64.5,59.0,77,0,5.82
72,Leshukonskoye,RU,2019-11-08 08:23:24,64.9,45.76,17.11,89,93,4.52
73,Yellowknife,CA,2019-11-08 08:23:25,62.45,-114.38,10.4,85,75,5.82
74,Jamestown,AU,2019-11-08 08:23:25,-33.21,138.6,52.36,54,2,13.65
75,Hithadhoo,MV,2019-11-08 08:23:25,-0.6,73.08,82.63,67,2,5.46
76,Mount Pleasant,US,2019-11-08 08:21:04,33.16,-94.97,48.2,76,90,8.05
77,Rosita,NI,2019-11-08 08:23:25,13.92,-84.4,71.2,99,100,3.31
78,Fortuna,US,2019-11-08 08:23:26,40.6,-124.16,48.2,93,90,3.47
79,Tsabong,BW,2019-11-08 08:23:26,-26.02,22.4,88.12,4,33,8.57
80,Sangueya,GN,2019-11-08 08:23:26,10.7,-14.37,81.34,84,29,3.2
81,Fonte Boa,BR,2019-11-08 08:23:26,-2.51,-66.09,73.54,89,100,1.54
82,Thompson,CA,2019-11-08 08:23:27,55.74,-97.86,10.4,78,90,1.68
83,Dingle,PH,2019-11-08 08:23:27,11.0,122.67,78.55,86,0,8.48
84,Kalmar,SE,2019-11-08 08:23:27,56.66,16.36,46.4,100,90,4.7
85,Weligama,LK,2019-11-08 08:23:27,5.97,80.42,83.5,75,66,8.7
86,Deputatskiy,RU,2019-11-08 08:23:27,69.3,139.9,-9.77,93,36,2.77
87,Hilo,US,2019-11-08 08:23:28,19.71,-155.08,73.4,73,1,8.05
88,Hofn,IS,2019-11-08 08:23:28,64.25,-15.21,41.36,64,100,18.92
89,Avarua,CK,2019-11-08 08:23:28,-21.21,-159.78,73.4,88,100,13.87
90,Nyrany,CZ,2019-11-08 08:23:28,49.71,13.21,39.2,100,90,3.36
91,Ornskoldsvik,SE,2019-11-08 08:23:29,63.29,18.72,26.6,73,99,5.82
92,Copacabana,BO,2019-11-08 08:23:29,-16.17,-69.08,47.59,73,3,4.14
93,Turayf,SA,2019-11-08 08:23:29,31.68,38.65,73.4,43,0,18.34
94,Tuy Hoa,VN,2019-11-08 08:20:14,13.08,109.3,79.03,72,100,24.49
95,Omsukchan,RU,2019-11-08 08:23:30,62.53,155.8,8.4,99,41,2.01
96,Tacna,PE,2019-11-08 08:23:30,-18.01,-70.25,62.6,100,90,3.36
97,Lagoa,PT,2019-11-08 08:23:30,37.14,-8.45,53.6,81,20,4.7
98,Antofagasta,CL,2019-11-08 08:23:30,-23.65,-70.4,59.0,87,90,4.7
99,Fairbanks,US,2019-11-08 08:23:29,64.84,-147.72,21.2,79,90,4.7
100,Mahebourg,MU,2019-11-08 08:23:31,-20.41,57.7,78.8,61,75,17.22
101,Banda Aceh,ID,2019-11-08 08:21:46,5.56,95.32,80.47,80,89,2.82
102,Wodonga,AU,2019-11-08 08:23:32,-36.12,146.89,55.4,62,4,11.41
103,Iqaluit,CA,2019-11-08 08:23:32,63.75,-68.52,12.2,78,5,17.22
104,Pevek,RU,2019-11-08 08:23:32,69.7,170.27,20.5,58,4,14.25
105,Bambous Virieux,MU,2019-11-08 08:23:33,-20.34,57.76,78.8,61,75,17.22
106,Nizwa,OM,2019-11-08 08:23:33,22.93,57.53,79.18,34,31,6.73
107,Mar Del Plata,AR,2019-11-08 08:23:33,-46.43,-67.52,46.29,42,0,8.14
108,Torbay,CA,2019-11-08 08:23:34,47.66,-52.73,39.2,72,90,11.41
109,Nelson Bay,AU,2019-11-08 08:23:34,-32.72,152.14,82.4,20,44,17.22
110,Sarangani,PH,2019-11-08 08:23:34,5.4,125.46,83.98,75,100,11.41
111,Rosa Zarate,EC,2019-11-08 08:23:34,0.33,-79.47,71.55,97,100,2.08
112,Labuhan,ID,2019-11-08 08:23:35,-2.54,115.51,88.18,59,98,3.65
113,Zitlala,MX,2019-11-08 08:23:35,17.69,-99.19,58.42,84,0,5.75
114,Nador,MA,2019-11-08 08:23:35,35.17,-2.93,60.8,63,40,23.04
115,Aripuana,BR,2019-11-08 08:23:36,-9.17,-60.63,71.91,99,100,1.95
116,Waipawa,NZ,2019-11-08 08:23:36,-39.94,176.59,56.03,94,0,0.49
117,Lakes Entrance,AU,2019-11-08 08:23:36,-37.88,147.99,54.21,64,9,29.62
118,Mogadishu,SO,2019-11-08 08:23:36,2.04,45.34,86.0,66,40,9.17
119,Ossora,RU,2019-11-08 08:23:37,59.24,163.07,37.08,80,48,18.25
120,Hobyo,SO,2019-11-08 08:23:37,5.35,48.53,86.36,59,19,9.4
121,Ponta Do Sol,BR,2019-11-08 08:23:37,-20.63,-46.0,68.7,93,100,1.66
122,Chuy,UY,2019-11-08 08:23:37,-33.69,-53.46,60.17,93,4,8.3
123,Mandan,US,2019-11-08 08:23:38,46.83,-100.89,19.4,92,1,8.05
124,Cidreira,BR,2019-11-08 08:23:38,-30.17,-50.22,68.23,86,0,5.37
125,Kedrovyy,RU,2019-11-08 08:23:38,56.17,91.82,41.0,56,40,13.42
126,Katsuura,JP,2019-11-08 08:23:38,33.93,134.5,60.8,51,20,5.82
127,Paamiut,GL,2019-11-08 08:23:38,61.99,-49.67,40.21,49,100,16.22
128,Sao Filipe,CV,2019-11-08 08:23:39,14.9,-24.5,74.07,80,100,16.6
129,Longyearbyen,NO,2019-11-08 08:23:39,78.22,15.63,17.6,67,20,8.05
130,Pucallpa,PE,2019-11-08 08:23:39,-8.38,-74.54,73.4,94,75,1.12
131,Mount Gambier,AU,2019-11-08 08:18:58,-37.83,140.78,51.8,57,40,17.22
132,Leningradskiy,RU,2019-11-08 08:23:39,69.38,178.42,18.41,81,83,15.7
133,Pisco,PE,2019-11-08 08:23:40,-13.71,-76.2,60.8,82,75,1.12
134,Manzhouli,CN,2019-11-08 08:23:40,49.6,117.43,25.83,81,44,3.44
135,Surt,LY,2019-11-08 08:23:40,31.21,16.59,68.61,61,0,4.72
136,Namatanai,PG,2019-11-08 08:23:40,-3.66,152.44,84.43,74,95,9.98
137,Arlit,NE,2019-11-08 08:23:40,18.74,7.39,92.08,10,0,9.66
138,Berdigestyakh,RU,2019-11-08 08:23:41,62.1,126.7,-5.1,95,0,4.05
139,Atar,MR,2019-11-08 08:23:41,20.52,-13.05,72.09,25,65,4.99
140,Oranjestad,AW,2019-11-08 08:23:29,12.52,-70.03,82.4,78,20,17.22
141,Tura,RU,2019-11-08 08:23:41,64.27,100.22,13.1,95,100,5.88
142,Dikson,RU,2019-11-08 08:23:42,73.51,80.55,-5.48,98,70,10.56
143,Bambanglipuro,ID,2019-11-08 08:23:42,-7.95,110.28,82.85,59,0,9.69
144,Lahaina,US,2019-11-08 08:23:42,20.87,-156.68,77.0,83,75,12.75
145,Saurimo,AO,2019-11-08 08:23:43,-9.66,20.4,78.8,61,7,4.7
146,Touros,BR,2019-11-08 08:23:43,-5.2,-35.46,73.4,88,40,3.36
147,Albany,US,2019-11-08 08:23:44,42.65,-73.75,26.6,73,1,4.88
148,Lewiston,US,2019-11-08 08:22:47,44.1,-70.21,33.8,68,90,8.34
149,Maniitsoq,GL,2019-11-08 08:23:44,65.42,-52.9,38.75,44,100,21.77
150,Namibe,AO,2019-11-08 08:23:44,-15.19,12.15,73.44,86,100,6.82
151,Kirakira,SB,2019-11-08 08:23:44,-10.46,161.92,76.98,87,94,4.76
152,Skjervoy,NO,2019-11-08 08:23:45,70.03,20.97,24.8,85,20,10.29
153,Nouadhibou,MR,2019-11-08 08:23:45,20.93,-17.03,66.2,82,53,13.87
154,Omboue,GA,2019-11-08 08:23:45,-1.57,9.26,86.36,66,100,2.98
155,Rio Cuarto,AR,2019-11-08 08:23:45,-33.13,-64.35,60.8,67,0,5.82
156,Hovd,NO,2019-11-08 08:23:45,63.83,10.7,23.0,85,75,4.7
157,Puerto Ayora,EC,2019-11-08 08:23:46,-0.74,-90.35,68.94,91,95,6.15
158,Natal,BR,2019-11-08 08:23:46,-5.81,-35.21,75.2,88,40,3.36
159,Beyneu,KZ,2019-11-08 08:23:46,45.32,55.19,51.28,55,37,11.16
160,Upernavik,GL,2019-11-08 08:23:46,72.79,-56.15,5.77,65,0,7.76
161,Liverpool,GB,2019-11-08 08:22:57,53.41,-2.98,41.0,80,0,6.93
162,Goderich,CA,2019-11-08 08:23:47,43.74,-81.71,22.51,95,91,3.89
163,Goulburn,AU,2019-11-08 08:23:47,-34.75,149.72,43.39,93,57,9.73
164,Tuktoyaktuk,CA,2019-11-08 08:23:47,69.44,-133.03,10.15,92,100,7.87
165,Boden,SE,2019-11-08 08:23:47,65.83,21.69,17.6,92,75,2.24
166,Norman Wells,CA,2019-11-08 08:23:48,65.28,-126.83,12.2,92,75,10.29
167,Egvekinot,RU,2019-11-08 08:23:48,66.32,-179.17,14.59,84,11,10.54
168,Mogzon,RU,2019-11-08 08:23:48,51.74,111.97,30.83,62,78,8.43
169,Izumo,JP,2019-11-08 08:23:48,35.37,132.75,60.8,58,20,12.75
170,Vardo,US,2019-11-08 08:23:48,39.62,-77.74,39.2,55,90,11.41
171,Port Elizabeth,US,2019-11-08 08:23:49,39.31,-74.98,42.8,64,1,10.29
172,Porto Novo,BR,2019-11-08 08:23:49,-23.68,-45.44,68.0,88,75,2.24
173,Lompoc,US,2019-11-08 08:23:49,34.64,-120.46,53.6,100,90,8.93
174,Castro,CL,2019-11-08 08:23:49,-42.48,-73.76,36.48,85,100,2.77
175,Impfondo,CD,2019-11-08 08:23:49,1.62,18.06,89.74,47,0,3.67
176,Caravelas,BR,2019-11-08 08:23:50,-17.73,-39.27,71.24,90,8,7.99
177,Sapa,PH,2019-11-08 08:23:50,14.32,120.76,86.0,74,75,4.7
178,Yeroham,IL,2019-11-08 08:23:50,30.99,34.93,77.59,26,0,6.04
179,Axim,GH,2019-11-08 08:23:51,4.87,-2.24,85.3,68,94,3.67
180,La Ronge,CA,2019-11-08 08:23:51,55.1,-105.3,17.6,72,90,6.93
181,Choya,RU,2019-11-08 08:23:51,52.01,86.55,41.11,62,100,5.55
182,San Cristobal,HN,2019-11-08 08:23:52,14.68,-86.92,64.18,98,65,2.73
183,Rorvik,NO,2019-11-08 08:23:52,64.86,11.24,23.0,92,4,4.7
184,Geraldton,CA,2019-11-08 08:23:53,49.72,-86.95,10.4,72,90,4.7
185,Kudahuvadhoo,MV,2019-11-08 08:23:54,2.67,72.89,82.2,77,9,14.38
186,Nome,US,2019-11-08 08:23:54,30.04,-94.42,60.8,100,90,9.17
187,Husavik,CA,2019-11-08 08:23:54,50.56,-96.99,16.07,74,96,12.97
188,Esperance,AU,2019-11-08 08:23:54,-33.86,121.89,68.0,56,0,19.46
189,Kavieng,PG,2019-11-08 08:23:55,-2.57,150.8,84.22,74,71,9.28
190,Bluff,AU,2019-11-08 08:23:55,-23.58,149.07,85.95,12,0,12.68
191,Karambakkudi,IN,2019-11-08 08:23:55,10.08,78.99,88.45,57,15,13.62
192,Bredasdorp,ZA,2019-11-08 08:23:55,-34.53,20.04,66.2,52,75,9.17
193,Kainantu,PG,2019-11-08 08:23:56,-6.29,145.87,59.61,99,100,0.72
194,Neman,US,2019-11-08 08:23:56,32.58,-85.98,60.8,93,90,10.29
195,Pudozh,RU,2019-11-08 08:23:56,61.81,36.54,18.73,86,98,5.79
196,Ostersund,SE,2019-11-08 08:23:57,63.18,14.64,24.8,92,75,6.93
197,Dharampuri,IN,2019-11-08 08:23:57,22.17,75.35,87.44,50,0,4.56
198,Poopo,BO,2019-11-08 08:23:57,-18.38,-66.97,47.86,67,97,3.33
199,Coihaique,CL,2019-11-08 08:23:57,-45.58,-72.07,37.4,93,100,3.36
200,Eau Claire,US,2019-11-08 08:23:58,44.81,-91.5,8.6,78,1,3.36
201,Souillac,FR,2019-11-08 08:23:58,45.6,-0.6,46.4,93,100,4.7
202,Gigmoto,PH,2019-11-08 08:23:58,13.78,124.39,85.6,75,76,7.99
203,Sidney,US,2019-11-08 08:19:04,47.72,-104.16,19.4,92,1,9.17
204,Warrnambool,AU,2019-11-08 08:20:18,-38.38,142.48,52.12,62,22,27.34
205,Jeremoabo,BR,2019-11-08 08:23:59,-10.08,-38.34,69.42,82,98,12.71
206,Moundou,TD,2019-11-08 08:24:00,8.57,16.07,86.0,66,0,6.93
207,Zhigansk,RU,2019-11-08 08:24:00,66.77,123.37,-21.14,96,53,8.34
208,Nabire,ID,2019-11-08 08:24:00,-3.36,135.5,75.52,92,100,0.67
209,Petropavlovsk-Kamchatskiy,RU,2019-11-08 08:24:00,53.05,158.65,35.6,69,40,8.95
210,Mosquera,CO,2019-11-08 08:24:01,4.71,-74.23,55.4,82,75,3.36
211,Severodvinsk,RU,2019-11-08 08:24:01,64.56,39.82,21.2,85,90,8.95
212,Cabo San Lucas,MX,2019-11-08 08:24:01,22.89,-109.91,73.11,70,100,1.68
213,Piacabucu,BR,2019-11-08 08:24:01,-10.41,-36.43,79.27,67,100,10.6
214,Rupert,US,2019-11-08 08:24:02,42.62,-113.68,35.6,73,1,1.54
215,Bubaque,GW,2019-11-08 08:24:02,11.28,-15.83,83.3,63,0,8.48
216,Bonavista,CA,2019-11-08 08:24:02,48.65,-53.11,42.89,85,100,26.17
217,Maniwaki,CA,2019-11-08 08:24:02,46.38,-75.98,23.02,77,33,6.49
218,Lukavica,BA,2019-11-08 08:24:03,44.76,18.19,46.4,100,75,3.36
219,Dhidhdhoo,MV,2019-11-08 08:24:03,6.88,73.1,82.2,78,100,10.2
220,Pedasi,PA,2019-11-08 08:24:03,7.53,-80.03,79.32,84,25,12.35
221,Saint-Leu,RE,2019-11-08 08:24:03,-21.15,55.28,82.4,65,20,10.29
222,Lagos,NG,2019-11-08 08:24:04,6.46,3.39,78.8,94,40,2.24
223,Lasa,CY,2019-11-08 08:24:04,34.92,32.53,80.6,39,0,5.82
224,Nikolskoye,RU,2019-11-08 08:24:04,59.7,30.79,28.4,92,90,6.71
225,Waddan,LY,2019-11-08 08:24:04,29.16,16.14,68.14,47,0,7.25
226,Port Hawkesbury,CA,2019-11-08 08:24:05,45.62,-61.36,48.2,93,90,6.93
227,Nigran,ES,2019-11-08 08:24:05,42.14,-8.81,42.8,93,75,4.7
228,Ixtapa,MX,2019-11-08 08:24:05,20.71,-105.21,78.8,94,40,3.36
229,Tiksi,RU,2019-11-08 08:24:05,71.64,128.87,-6.45,93,88,7.65
230,Moose Factory,CA,2019-11-08 08:24:05,51.26,-80.61,3.2,84,20,5.82
231,Pucara,BO,2019-11-08 08:24:06,-21.7,-64.2,63.18,92,100,2.06
232,Araouane,ML,2019-11-08 08:24:06,18.9,-3.53,82.49,15,0,9.19
233,Saint George,GR,2019-11-08 08:24:06,39.45,22.34,60.8,93,40,4.7
234,Yulara,AU,2019-11-08 08:24:06,-25.24,130.99,91.4,8,0,11.41
235,Humboldt,CA,2019-11-08 08:24:07,52.21,-105.12,14.5,92,98,7.47
236,Cuamba,MZ,2019-11-08 08:24:07,-14.8,36.54,94.57,31,13,7.99
237,Cranbrook,CA,2019-11-08 08:24:07,49.51,-115.76,24.8,79,75,2.95
238,Putnok,HU,2019-11-08 08:24:07,48.29,20.43,50.72,77,33,3.51
239,Lorengau,PG,2019-11-08 08:24:08,-2.02,147.27,82.33,80,93,11.34
240,Sambava,MG,2019-11-08 08:24:08,-14.27,50.17,79.36,81,91,4.45
241,Kaitangata,NZ,2019-11-08 08:24:08,-46.28,169.85,56.59,71,100,8.55
242,Rosarito,CO,2019-11-08 08:24:08,4.91,-75.23,65.28,86,100,3.02
243,Yar-Sale,RU,2019-11-08 08:24:09,66.83,70.83,-6.65,92,0,13.76
244,North Bend,US,2019-11-08 08:21:39,43.41,-124.22,42.8,100,90,2.48
245,Peniche,PT,2019-11-08 08:24:09,39.36,-9.38,51.8,87,20,2.24
246,Guangshui,CN,2019-11-08 08:24:09,31.62,113.82,67.42,36,0,4.92
247,Cao Bang,VN,2019-11-08 08:24:10,22.67,106.25,74.16,50,26,4.63
248,Ust-Maya,RU,2019-11-08 08:24:10,60.42,134.54,-9.28,95,98,3.62
249,Goffstown,US,2019-11-08 08:24:10,43.02,-71.6,35.6,59,40,9.17
250,Langsa,ID,2019-11-08 08:24:11,4.47,97.97,77.58,86,100,3.36
251,Huilong,CN,2019-11-08 08:24:11,31.15,106.5,63.16,71,74,3.31
252,Ilulissat,GL,2019-11-08 08:24:11,69.22,-51.1,35.6,31,100,18.34
253,Portland,US,2019-11-08 08:20:06,43.66,-70.25,33.8,64,90,12.75
254,Port Macquarie,AU,2019-11-08 08:24:12,-31.43,152.91,86.0,13,0,14.99
255,Guerrero Negro,MX,2019-11-08 08:24:12,27.97,-114.04,66.13,78,100,6.64
256,Mwadui,TZ,2019-11-08 08:24:13,-3.55,33.6,83.75,44,100,2.44
257,Cobija,BR,2019-11-08 08:24:13,-11.02,-68.77,71.06,98,50,0.81
258,Port Blair,IN,2019-11-08 08:24:13,11.67,92.75,82.9,78,100,11.72
259,Saint-Joseph,FR,2019-11-08 08:24:14,43.56,6.97,55.4,81,67,2.24
260,Kupang,ID,2019-11-08 08:24:14,-10.16,123.6,89.6,55,20,17.22
261,Laguna,BZ,2019-11-08 08:24:14,16.17,-88.94,75.2,100,90,2.64
262,Olinda,AU,2019-11-08 08:22:48,-37.84,145.39,51.8,61,40,20.8
263,Along,IN,2019-11-08 08:24:15,28.17,94.8,76.48,62,100,2.17
264,Tezu,IN,2019-11-08 08:24:15,27.93,96.16,80.64,48,100,1.43
265,Port Shepstone,ZA,2019-11-08 08:24:15,-30.74,30.45,67.03,57,100,10.83
266,Marawi,PH,2019-11-08 08:24:15,8.0,124.29,69.48,95,14,1.36
267,Hokitika,NZ,2019-11-08 08:24:16,-42.72,170.96,58.6,94,51,17.38
268,Rurrenabaque,BO,2019-11-08 08:24:16,-14.44,-67.53,71.56,99,100,1.1
269,Clyde River,CA,2019-11-08 08:24:16,70.47,-68.59,17.6,78,90,10.29
270,Broome,GB,2019-11-08 08:24:16,52.47,1.45,37.4,100,20,8.05
271,Anloga,GH,2019-11-08 08:24:17,5.79,0.9,78.8,94,20,3.36
272,Yarmouth,CA,2019-11-08 08:24:17,43.84,-66.12,41.0,93,75,11.41
273,Yeppoon,AU,2019-11-08 08:20:13,-23.13,150.74,91.4,31,0,14.99
274,Port-Gentil,GA,2019-11-08 08:24:17,-0.72,8.78,84.2,79,20,6.93
275,La Asuncion,AR,2019-11-08 08:24:18,-26.05,-65.39,58.66,86,10,2.84
276,Izmalkovo,RU,2019-11-08 08:24:18,52.69,37.97,44.19,91,100,10.13
277,Lavrentiya,RU,2019-11-08 08:24:18,65.58,-170.99,28.45,75,0,22.41
278,Hernani,ES,2019-11-08 08:24:18,43.27,-1.98,46.4,87,75,13.87
279,General Roca,AR,2019-11-08 08:24:18,-39.03,-67.58,55.4,35,72,2.24
280,Altay,CN,2019-11-08 08:24:19,47.83,88.13,21.43,81,33,2.59
281,Grindavik,IS,2019-11-08 08:24:19,63.84,-22.43,39.2,86,90,27.51
282,Port Hardy,CA,2019-11-08 08:24:19,50.7,-127.42,50.0,76,75,9.17
283,Luderitz,NA,2019-11-08 08:24:20,-26.65,15.16,73.4,40,23,3.36
284,Salinopolis,BR,2019-11-08 08:24:20,-0.61,-47.36,81.54,81,2,13.69
285,Chicama,PE,2019-11-08 08:24:20,-7.84,-79.15,62.6,82,20,6.93
286,Balakliya,UA,2019-11-08 08:24:21,49.46,36.86,55.4,100,90,11.18
287,Prince Rupert,CA,2019-11-08 08:24:21,54.32,-130.32,51.8,93,90,13.87
288,Sao Miguel,BR,2019-11-08 08:24:21,4.52,-61.01,69.69,79,79,3.8
289,Camacha,PT,2019-11-08 08:24:21,33.08,-16.33,66.2,59,75,12.75
290,Warrenton,ZA,2019-11-08 08:24:22,-28.11,24.85,81.0,6,23,6.55
291,Marabba,SD,2019-11-08 08:24:22,12.35,32.18,95.58,15,0,12.33
292,Anadyr,RU,2019-11-08 08:24:22,64.73,177.51,12.2,85,0,8.95
293,Acapulco,MX,2019-11-08 08:21:38,16.86,-99.88,78.8,83,20,2.82
294,Vigeland,NO,2019-11-08 08:24:23,58.46,8.52,30.2,68,75,12.75
295,Kiunga,PG,2019-11-08 08:24:23,-6.12,141.3,72.45,99,100,1.97
296,Santa Isabel,MX,2019-11-08 08:24:23,32.63,-115.58,62.6,28,1,9.17
297,Aksarka,RU,2019-11-08 08:24:23,66.56,67.8,-1.56,82,19,5.06
298,Ardakan,IR,2019-11-08 08:24:24,32.31,54.02,60.8,26,20,9.17
299,Troitskaya,RU,2019-11-08 08:24:24,43.31,44.98,59.0,41,0,4.47
300,Ostrovnoy,RU,2019-11-08 08:24:25,68.05,39.51,17.15,89,100,7.61
301,Buala,SB,2019-11-08 08:24:25,-8.15,159.59,80.92,78,100,2.04
302,Menongue,AO,2019-11-08 08:24:25,-14.66,17.68,81.19,42,81,5.97
303,Ape,EE,2019-11-08 08:24:25,57.54,26.69,40.51,85,5,3.29
304,Madang,CN,2019-11-08 08:24:26,35.32,102.79,48.38,51,33,4.56
305,Kangaatsiaq,GL,2019-11-08 08:24:26,68.31,-53.46,32.25,64,100,25.61
306,Bagdarin,RU,2019-11-08 08:24:26,54.44,113.59,13.17,89,69,0.81
307,Bereznik,RU,2019-11-08 08:24:26,62.86,42.71,17.28,86,91,5.5
308,Pitea,SE,2019-11-08 08:24:26,65.32,21.48,17.6,92,75,2.24
309,Tevriz,RU,2019-11-08 08:24:27,57.51,72.4,26.01,88,100,12.44
310,Sirnak,TR,2019-11-08 08:24:27,37.52,42.46,68.0,37,0,5.82
311,Tinde,TZ,2019-11-08 08:24:27,-3.87,33.2,86.31,37,100,6.11
312,Les Cayes,HT,2019-11-08 08:24:28,18.19,-73.75,82.36,74,0,10.31
313,Kununurra,AU,2019-11-08 08:24:28,-15.77,128.74,105.8,9,42,4.7
314,Vostok,RU,2019-11-08 08:24:28,46.45,135.83,14.61,92,100,8.46
315,Neiafu,TO,2019-11-08 08:24:28,-18.65,-173.98,78.03,81,0,12.33
316,Mahanoro,MG,2019-11-08 08:24:29,-19.9,48.8,77.07,79,79,13.22
317,Lata,IN,2019-11-08 08:24:29,30.78,78.62,31.1,79,73,5.93
318,Birjand,IR,2019-11-08 08:24:29,32.86,59.22,64.4,3,0,4.7
319,Matagalpa,NI,2019-11-08 08:24:29,12.92,-85.92,66.11,93,36,6.91
320,Umm Kaddadah,SD,2019-11-08 08:24:29,13.6,26.69,87.1,10,0,16.49
321,Rehoboth,NA,2019-11-08 08:24:30,-23.31,17.08,86.41,11,66,4.83
322,Nyurba,RU,2019-11-08 08:24:30,63.29,118.35,-5.01,94,8,4.41
323,San Quintin,PH,2019-11-08 08:24:30,17.54,120.52,80.2,85,10,4.79
324,Codrington,AU,2019-11-08 08:24:30,-28.95,153.24,95.0,7,0,10.29
325,Vila Franca Do Campo,PT,2019-11-08 08:24:31,37.72,-25.43,57.2,87,20,4.7
326,Gazanjyk,TM,2019-11-08 08:24:31,39.24,55.52,64.4,10,0,6.17
327,Katherine,AU,2019-11-08 08:24:31,-14.47,132.26,102.2,15,0,8.05
328,Pacific Grove,US,2019-11-08 08:24:31,36.62,-121.92,53.6,81,90,4.7
329,Casper,US,2019-11-08 08:22:28,42.87,-106.31,33.8,69,1,9.17
330,Synya,RU,2019-11-08 08:24:32,65.37,58.04,6.93,96,100,2.3
331,Boyolangu,ID,2019-11-08 08:24:32,-8.09,111.9,82.85,61,2,11.9
332,Ballina,IE,2019-11-08 08:24:32,54.11,-9.15,37.4,86,44,6.93
333,Mecca,SA,2019-11-08 08:21:33,21.43,39.83,91.04,30,0,8.79
334,Scrioastea,RO,2019-11-08 08:24:33,44.15,24.95,65.39,57,2,12.64
335,Tutoia,BR,2019-11-08 08:24:33,-2.76,-42.27,73.89,83,0,5.12
336,Soligalich,RU,2019-11-08 08:24:33,59.08,42.29,24.82,61,0,4.83
337,East Angus,CA,2019-11-08 08:24:33,45.48,-71.66,21.2,85,75,5.82
338,Sungaipenuh,ID,2019-11-08 08:24:34,-2.08,101.38,70.92,80,100,1.59
339,Mehamn,NO,2019-11-08 08:24:34,71.03,27.85,32.0,92,75,12.75
340,Bossangoa,CF,2019-11-08 08:24:34,6.5,17.45,89.49,50,26,2.08
341,Nanortalik,GL,2019-11-08 08:24:35,60.14,-45.24,34.2,71,93,9.33
342,Basco,US,2019-11-08 08:24:35,40.33,-91.2,19.4,78,1,5.82
343,Nisia Floresta,BR,2019-11-08 08:24:35,-6.09,-35.21,75.2,88,40,3.36
344,Marzuq,YE,2019-11-08 08:24:36,14.4,46.47,81.43,20,0,6.29
345,Moindou,NC,2019-11-08 08:24:36,-21.69,165.68,73.4,69,90,3.36
346,Komsomolskiy,RU,2019-11-08 08:24:36,67.55,63.78,4.87,96,100,4.23
347,Mitsamiouli,KM,2019-11-08 08:24:36,-11.38,43.28,91.4,49,20,13.87
348,Vila Velha,BR,2019-11-08 08:24:37,-3.71,-38.6,78.8,74,40,9.17
349,Touho,NC,2019-11-08 08:24:37,-20.78,165.23,69.42,77,75,1.57
350,Kampene,CD,2019-11-08 08:24:38,-3.59,26.67,88.7,49,85,2.84
351,Kahului,US,2019-11-08 08:24:38,20.89,-156.47,77.0,83,75,12.75
352,Port Augusta,AU,2019-11-08 08:24:38,-32.49,137.76,60.8,48,0,24.16
353,Bocas Del Toro,PA,2019-11-08 08:24:38,9.33,-82.25,81.46,79,100,15.9
354,Mirnyy,RU,2019-11-08 08:24:39,56.57,36.46,39.36,87,100,2.91
355,Cherskiy,RU,2019-11-08 08:24:39,68.75,161.3,18.43,71,100,3.4
356,Zhengjiatun,CN,2019-11-08 08:24:40,43.51,123.51,38.48,37,0,6.44
357,Borogontsy,RU,2019-11-08 08:24:40,62.67,131.17,-17.49,97,98,3.36
358,Vyartsilya,RU,2019-11-08 08:24:40,62.18,30.69,22.05,84,100,4.25
359,Grand Gaube,MU,2019-11-08 08:24:40,-20.01,57.66,78.8,61,75,17.22
360,Kumo,NG,2019-11-08 08:24:41,10.05,11.21,88.39,23,48,2.13
361,Mapiripan,CO,2019-11-08 08:24:41,2.89,-72.13,71.49,96,25,1.99
362,Tual,ID,2019-11-08 08:24:42,-5.67,132.75,82.9,74,100,6.98
363,Atbasar,KZ,2019-11-08 08:24:42,51.81,68.36,34.66,97,100,18.37
364,Padang,ID,2019-11-08 08:24:43,-0.92,100.36,76.21,80,100,2.98
365,Palmas Bellas,PA,2019-11-08 08:24:43,9.23,-80.09,77.0,100,100,2.24
366,Am Timan,TD,2019-11-08 08:24:43,11.04,20.28,93.22,20,0,4.23
367,Amalapuram,IN,2019-11-08 08:24:43,16.58,82.0,87.8,66,20,5.82
368,Noumea,NC,2019-11-08 08:20:45,-22.28,166.46,73.4,69,90,3.36
369,Byron Bay,AU,2019-11-08 08:24:44,-28.65,153.62,95.0,74,0,14.99
370,Carballo,ES,2019-11-08 08:24:44,43.21,-8.69,51.8,76,40,12.75
371,Narsaq,GL,2019-11-08 08:24:45,60.91,-46.05,44.6,33,100,18.34
372,Lodja,CD,2019-11-08 08:24:45,-3.52,23.6,83.12,61,76,4.07
373,Roald,NO,2019-11-08 08:24:46,62.58,6.12,28.4,79,20,6.93
374,Yaring,TH,2019-11-08 08:24:46,6.87,101.37,87.8,70,40,11.41
375,Isabela,PH,2019-11-08 08:24:46,10.2,122.99,74.98,88,4,6.46
376,Clearwater,US,2019-11-08 08:23:34,27.97,-82.8,75.2,100,90,6.78
377,Margate,AU,2019-11-08 08:24:47,-43.03,147.26,48.2,57,20,9.17
378,Vestmannaeyjar,IS,2019-11-08 08:24:47,63.44,-20.27,42.8,75,75,48.32
379,Jertih,MY,2019-11-08 08:24:47,5.74,102.5,87.8,66,75,9.17
380,Kabinda,CD,2019-11-08 08:24:47,-6.14,24.49,87.42,57,59,2.44
381,Porto Nacional,BR,2019-11-08 08:24:48,-10.7,-48.41,73.4,94,20,3.36
382,Bandarbeyla,SO,2019-11-08 08:24:48,9.49,50.81,81.39,65,0,5.06
383,Saldanha,PT,2019-11-08 08:24:48,41.42,-6.55,42.08,79,3,10.92
384,Alofi,NU,2019-11-08 08:24:48,-19.06,-169.92,73.4,94,0,4.7
385,Bathsheba,BB,2019-11-08 08:24:49,13.22,-59.52,82.4,78,75,13.87
386,Mount Isa,AU,2019-11-08 08:24:49,-20.73,139.49,98.6,7,0,10.29
387,Tres Arroyos,AR,2019-11-08 08:24:49,-38.38,-60.28,41.14,61,50,8.55
388,Villamar,MX,2019-11-08 08:24:49,20.02,-102.6,57.25,84,0,1.61
389,Shimoda,JP,2019-11-08 08:24:50,34.7,138.93,64.4,45,20,3.36
390,Benghazi,LY,2019-11-08 08:24:50,32.12,20.07,72.63,58,24,7.78
391,Tyrma,RU,2019-11-08 08:24:51,50.04,132.17,9.54,76,33,9.82
392,Mushie,CD,2019-11-08 08:24:51,-3.02,16.92,90.32,57,100,1.48
393,Pangai,TO,2019-11-08 08:24:51,-19.8,-174.35,76.64,80,0,9.55
394,Paracatu,BR,2019-11-08 08:24:51,-17.22,-46.87,69.39,84,43,2.53
395,Taoudenni,ML,2019-11-08 08:24:51,22.68,-3.98,79.05,19,31,4.81
396,Trimbach,CH,2019-11-08 08:24:52,47.36,7.9,42.8,93,75,2.24
397,Ubata,BR,2019-11-08 08:24:52,-14.21,-39.52,69.66,95,69,1.25
398,Hambantota,LK,2019-11-08 08:24:52,6.12,81.12,86.0,89,75,10.29
399,Nhulunbuy,AU,2019-11-08 08:24:52,-12.18,136.78,82.4,74,40,8.05
400,Ust-Barguzin,RU,2019-11-08 08:24:53,53.41,109.03,35.64,75,3,3.53
401,Rio Gallegos,AR,2019-11-08 08:24:53,-51.62,-69.22,33.8,86,20,16.11
402,Tsiroanomandidy,MG,2019-11-08 08:24:53,-18.77,46.05,95.02,17,94,1.86
403,Freeport,BS,2019-11-08 08:24:54,26.54,-78.7,78.82,77,55,5.84
404,High Rock,BS,2019-11-08 08:24:54,26.63,-78.28,78.82,77,55,5.84
405,Rawson,AR,2019-11-08 08:24:54,-43.3,-65.11,52.39,61,20,22.03
406,Isla Vista,US,2019-11-08 08:20:05,34.41,-119.86,53.6,93,1,2.77
407,Bilma,NE,2019-11-08 08:24:54,18.69,12.92,91.72,11,0,8.79
408,Abha,SA,2019-11-08 08:24:55,18.22,42.5,78.8,26,0,3.36
409,Olavarria,AR,2019-11-08 08:24:55,-36.89,-60.32,42.67,54,82,8.88
410,Charlestown,US,2019-11-08 08:24:55,41.38,-71.64,39.2,80,90,4.7
411,Kidal,ML,2019-11-08 08:24:55,18.44,1.41,90.73,12,0,5.84
412,High Level,CA,2019-11-08 08:24:56,58.52,-117.13,17.6,92,90,5.82
413,Port Lincoln,AU,2019-11-08 08:24:56,-34.72,135.86,54.41,59,78,16.4
414,Soe,EE,2019-11-08 08:24:56,57.91,26.05,35.6,100,90,2.24
415,Jaragua Do Sul,BR,2019-11-08 08:22:29,-26.49,-49.07,64.94,96,100,1.5
416,Moosburg,AT,2019-11-08 08:24:57,46.66,14.17,41.0,93,75,1.12
417,Cururupu,BR,2019-11-08 08:24:57,-1.82,-44.87,73.87,97,55,1.95
418,Marystown,CA,2019-11-08 08:24:57,47.17,-55.16,46.08,85,100,25.72
419,Kieta,PG,2019-11-08 08:24:57,-6.22,155.63,83.44,71,41,1.79
420,Sechura,PE,2019-11-08 08:24:58,-5.56,-80.82,63.19,89,0,6.67
421,Saint-Augustin,CA,2019-11-08 08:24:58,45.63,-73.98,26.6,79,90,4.7
422,Sitka,US,2019-11-08 08:24:58,37.17,-99.65,32.47,31,0,5.53
423,Carmen,PH,2019-11-08 08:24:25,7.36,125.71,91.4,52,75,3.36
424,Gushikawa,JP,2019-11-08 08:24:58,26.35,127.87,75.2,60,75,11.41
425,Chumikan,RU,2019-11-08 08:24:59,54.72,135.31,14.41,56,100,19.08
426,Ruteng,ID,2019-11-08 08:24:59,-8.61,120.46,76.68,82,39,1.32
427,Makakilo City,US,2019-11-08 08:24:59,21.35,-158.09,77.0,94,1,6.93
428,Viedma,AR,2019-11-08 08:25:00,-40.81,-62.99,48.36,74,100,10.54
429,Barsovo,RU,2019-11-08 08:25:00,61.17,73.17,3.2,77,20,11.18
430,Lasem,ID,2019-11-08 08:25:00,-6.99,112.52,88.57,56,0,10.22
431,Itambe,BR,2019-11-08 08:25:00,-15.24,-40.62,65.61,85,80,2.93
432,Atambua,ID,2019-11-08 08:25:01,-9.11,124.89,80.89,68,26,2.46
433,Nicoya,CR,2019-11-08 08:25:01,10.15,-85.45,71.04,92,94,4.38
434,Klaksvik,FO,2019-11-08 08:25:01,62.23,-6.59,30.2,74,21,1.12
435,Dunedin,NZ,2019-11-08 08:25:02,-45.87,170.5,61.5,50,100,21.99
436,Trairi,BR,2019-11-08 08:25:02,-3.28,-39.27,76.14,75,54,9.35
437,Aklavik,CA,2019-11-08 08:25:02,68.22,-135.01,10.4,72,90,11.41
438,Bismarck,US,2019-11-08 08:25:02,46.81,-100.78,19.4,92,1,8.05
439,Suez,EG,2019-11-08 08:25:03,29.97,32.54,80.71,35,33,6.71
440,Hukuntsi,BW,2019-11-08 08:25:03,-23.98,21.76,89.15,13,57,4.72
441,Luganville,VU,2019-11-08 08:25:03,-15.51,167.18,80.6,88,75,2.24
442,Berlevag,NO,2019-11-08 08:25:03,70.86,29.09,19.4,92,75,12.75
443,Vradiyivka,UA,2019-11-08 08:25:04,47.86,30.59,58.44,64,100,8.34
444,Sovetskiy,RU,2019-11-08 08:25:04,56.76,48.47,29.68,55,23,7.63
445,Aasiaat,GL,2019-11-08 08:25:04,68.71,-52.87,23.65,70,100,17.63
446,Antigonish,CA,2019-11-08 08:25:04,45.62,-61.99,48.2,93,90,6.93
447,Jasper,US,2019-11-08 08:25:05,33.83,-87.28,48.2,87,90,11.97
448,Sokolo,ML,2019-11-08 08:25:05,14.74,-6.12,89.6,15,0,9.82
449,Benito Juarez,CU,2019-11-08 08:25:06,22.29,-79.63,69.8,94,20,1.12
450,Manzanillo,MX,2019-11-08 08:25:06,19.05,-104.32,81.21,86,14,9.55
451,Ust-Kuyga,RU,2019-11-08 08:25:06,70.0,135.55,-6.22,97,100,4.94
452,Razdolnoye,RU,2019-11-08 08:25:07,43.7,44.53,59.0,41,0,4.47
453,Khatra,IN,2019-11-08 08:25:07,22.98,86.85,77.52,71,100,11.16
454,Warmbad,DE,2019-11-08 08:25:07,50.67,13.08,41.0,93,100,2.24
455,Humberto De Campos,BR,2019-11-08 08:25:07,-2.6,-43.46,79.63,76,41,7.31
456,Vanimo,PG,2019-11-08 08:25:08,-2.67,141.3,83.16,73,100,7.99
457,Micheweni,TZ,2019-11-08 08:25:08,-4.97,39.83,80.35,77,40,0.4
458,Baracoa,CU,2019-11-08 08:25:08,20.35,-74.5,81.75,79,13,10.78
459,Puerto Escondido,MX,2019-11-08 08:25:08,15.86,-97.07,70.18,70,0,5.12
460,Ahipara,NZ,2019-11-08 08:25:09,-35.17,173.16,64.31,91,5,12.86
461,Havre-Saint-Pierre,CA,2019-11-08 08:25:09,50.23,-63.6,15.8,92,1,4.7
462,Buchanan,LR,2019-11-08 08:25:09,5.88,-10.05,77.0,94,20,2.35
463,Athy,IE,2019-11-08 08:25:09,52.99,-6.98,39.2,86,75,11.41
464,Huarmey,PE,2019-11-08 08:25:10,-10.07,-78.15,59.74,87,39,1.28
465,Comodoro Rivadavia,AR,2019-11-08 08:25:10,-45.87,-67.48,44.6,48,0,9.17
466,Vao,EE,2019-11-08 08:25:10,59.1,26.19,36.9,93,97,4.61
467,Mahibadhoo,MV,2019-11-08 08:25:10,3.78,72.97,82.87,72,42,7.61
468,Aykhal,RU,2019-11-08 08:25:11,65.95,111.51,-11.21,83,90,6.71
469,Nizhniy Tsasuchey,RU,2019-11-08 08:25:11,50.52,115.13,31.51,67,6,3.67
470,Wahiawa,US,2019-11-08 08:25:11,21.5,-158.02,77.0,94,1,6.93
471,Miri,NG,2019-11-08 08:25:11,10.31,9.75,89.33,18,13,4.14
472,Turtas,RU,2019-11-08 08:25:12,58.94,69.13,15.58,85,82,10.63
473,Seminole,US,2019-11-08 08:25:12,32.72,-102.64,35.6,93,90,4.7
474,Oktyabrskoye,RU,2019-11-08 08:25:12,56.73,85.44,32.0,96,90,20.13
475,Kamaishi,JP,2019-11-08 08:25:12,39.28,141.86,46.4,64,75,2.24
476,Loukhi,RU,2019-11-08 08:25:13,66.08,33.04,19.09,94,100,3.42
477,Palmer,AU,2019-11-08 08:25:13,-34.85,139.16,59.0,44,75,19.46
478,Hualmay,PE,2019-11-08 08:25:13,-11.1,-77.61,58.77,90,75,2.01
479,Gobabis,NA,2019-11-08 08:25:13,-22.45,18.97,85.05,25,76,5.88
480,Paraiso,BR,2019-11-08 08:25:14,-0.03,-51.17,78.8,100,65,3.36
481,Adrar,DZ,2019-11-08 08:25:14,27.87,-0.29,53.6,37,0,11.41
482,Hami,CN,2019-11-08 08:25:14,42.84,93.51,47.23,34,55,13.15
483,San Policarpo,PH,2019-11-08 08:25:14,12.18,125.51,82.98,79,0,7.27
484,Awbari,LY,2019-11-08 08:25:15,26.59,12.77,73.74,35,0,11.34
485,Ulladulla,AU,2019-11-08 08:25:15,-35.36,150.48,62.6,39,100,19.46
486,Doba,ET,2019-11-08 08:25:15,9.29,41.09,85.33,26,0,7.78
487,Luba,PH,2019-11-08 08:25:16,17.32,120.7,80.2,85,10,4.79
488,Qaqortoq,GL,2019-11-08 08:25:16,60.72,-46.03,44.6,33,100,18.34
489,George Town,MY,2019-11-08 08:25:16,5.42,100.33,86.0,66,75,6.93
490,Matara,BI,2019-11-08 08:25:17,-3.48,29.48,78.8,69,75,2.24
491,Itaqui,BR,2019-11-08 08:25:17,-29.13,-56.55,63.18,88,0,8.57
492,Harper,US,2019-11-08 08:25:17,30.3,-99.24,39.2,100,90,12.75
493,Getahovit,AM,2019-11-08 08:25:17,40.9,45.14,58.06,35,0,5.1
494,Luanda,AO,2019-11-08 08:23:16,-8.83,13.24,84.2,70,75,5.82
495,Nanakuli,US,2019-11-08 08:25:18,21.39,-158.15,77.0,94,1,6.93
496,Charyshskoye,RU,2019-11-08 08:25:18,51.4,83.56,37.76,57,100,14.27
497,Fort Nelson,CA,2019-11-08 08:25:18,58.81,-122.69,17.6,85,90,12.75
498,Alihe,CN,2019-11-08 08:25:19,50.57,123.73,17.35,60,0,3.8
499,Belmonte,PT,2019-11-08 08:25:19,40.36,-7.35,40.51,85,0,6.78
500,Coquimbo,CL,2019-11-08 08:24:57,-29.95,-71.34,55.4,93,90,4.7
501,Brigantine,US,2019-11-08 08:25:19,39.41,-74.36,42.8,65,40,13.87
502,Hay River,CA,2019-11-08 08:25:20,60.82,-115.79,15.8,85,75,2.24
503,Taretan,MX,2019-11-08 08:25:20,19.33,-101.92,54.39,75,48,4.45
504,College,US,2019-11-08 08:25:20,64.86,-147.8,23.0,79,90,4.7
505,Ayan,IR,2019-11-08 08:25:20,38.23,44.7,51.31,20,0,4.61
506,Buzmeyin,TM,2019-11-08 08:25:21,38.05,58.21,64.4,25,31,9.17
507,Jalu,LY,2019-11-08 08:25:21,29.03,21.55,76.73,50,0,12.33
508,Kampong Thum,KH,2019-11-08 08:25:21,12.71,104.89,86.77,61,100,2.39
509,Sandnessjoen,NO,2019-11-08 08:25:21,66.02,12.63,30.2,73,20,6.93
510,Gravdal,NO,2019-11-08 08:25:22,59.79,5.78,32.0,55,0,3.44
511,Marsa Matruh,EG,2019-11-08 08:25:22,31.35,27.25,69.8,77,0,3.62
512,Halifax,CA,2019-11-08 08:25:22,44.65,-63.58,39.2,100,90,16.11
513,Merauke,ID,2019-11-08 08:25:22,-8.49,140.4,77.95,87,100,2.77
514,Pleszew,PL,2019-11-08 08:25:23,51.9,17.79,48.54,74,100,8.7
515,Cody,US,2019-11-08 08:25:23,44.53,-109.06,30.2,79,1,9.44
516,Tadine,NC,2019-11-08 08:25:23,-21.55,167.88,68.45,71,0,2.84
517,Kaberamaido,UG,2019-11-08 08:25:23,1.76,33.16,81.75,62,0,4.27
518,Mbanza-Ngungu,CD,2019-11-08 08:25:24,-5.25,14.87,80.38,81,0,2.66
519,Preobrazheniye,RU,2019-11-08 08:25:24,42.9,133.91,30.25,45,0,7.34
520,Linqiong,CN,2019-11-08 08:25:24,30.42,103.46,62.6,77,40,2.24
521,Jaypur,IN,2019-11-08 08:25:24,23.05,87.44,84.2,58,40,4.7
522,Zhuhai,CN,2019-11-08 08:25:25,40.71,112.04,51.8,53,0,6.71
523,Neryungri,RU,2019-11-08 08:25:25,56.66,124.71,-10.9,92,0,2.33
524,Alikalia,SL,2019-11-08 08:25:25,9.15,-11.39,77.43,82,69,0.31
525,Tautira,PF,2019-11-08 08:25:25,-17.73,-149.15,82.4,74,20,8.05
526,Atocha,AR,2019-11-08 08:25:26,-24.82,-65.48,71.6,93,40,1.83
527,Northam,AU,2019-11-08 08:25:26,-31.65,116.67,89.6,14,0,12.75
528,Riachao,BR,2019-11-08 08:25:26,-7.36,-46.62,75.76,73,70,1.32
529,Pahrump,US,2019-11-08 08:25:26,36.21,-115.98,48.2,19,1,1.48
530,Mundra,IN,2019-11-08 08:25:27,22.84,69.73,87.64,21,0,16.51
531,Alta Floresta,BR,2019-11-08 08:25:27,-9.87,-56.08,68.45,97,100,3.09
532,Castrillon,ES,2019-11-08 08:25:28,43.4,-6.79,50.0,81,75,20.8
533,Navrongo,GH,2019-11-08 08:25:28,10.89,-1.09,86.97,46,0,7.18
534,Ipixuna,BR,2019-11-08 08:25:28,-1.76,-48.8,77.0,94,75,3.36
535,Roma,IT,2019-11-08 08:22:42,41.89,12.48,59.0,87,75,18.34
536,Faya,SA,2019-11-08 08:25:29,18.39,42.45,78.8,26,0,3.36
